query,system,run,duration_ms,params
T7,postgres,1,99.66720000375062,"{""id"": 2426}"
T7,neo4j,1,99.14140007458627,"{""id"": 2426}"
T7,postgres,2,95.03750002477318,"{""id"": 1948}"
T7,neo4j,2,85.17199999187142,"{""id"": 1948}"
T7,postgres,3,69.23020002432168,"{""id"": 1917}"
T7,neo4j,3,108.37620007805526,"{""id"": 1917}"
T7,postgres,4,59.909299947321415,"{""id"": 1740}"
T7,neo4j,4,83.36669998243451,"{""id"": 1740}"
T7,postgres,5,63.91550006810576,"{""id"": 614}"
T7,neo4j,5,84.7219000570476,"{""id"": 614}"
T7,postgres,6,90.65649996045977,"{""id"": 2421}"
T7,neo4j,6,87.32659998349845,"{""id"": 2421}"
T7,postgres,7,79.24450002610683,"{""id"": 513}"
T7,neo4j,7,86.13479998894036,"{""id"": 513}"
T7,postgres,8,70.88650006335229,"{""id"": 2359}"
T7,neo4j,8,87.22430001944304,"{""id"": 2359}"
T7,postgres,9,64.23070002347231,"{""id"": 2425}"
T7,neo4j,9,89.74869991652668,"{""id"": 2425}"
T7,postgres,10,74.177399976179,"{""id"": 2580}"
T7,neo4j,10,119.01939997915179,"{""id"": 2580}"
T7,postgres,11,113.32489992491901,"{""id"": 2225}"
T7,neo4j,11,135.0212999386713,"{""id"": 2225}"
T7,postgres,12,60.034000081941485,"{""id"": 480}"
T7,neo4j,12,111.07889993581921,"{""id"": 480}"
T7,postgres,13,73.72159999795258,"{""id"": 2271}"
T7,neo4j,13,113.38570003863424,"{""id"": 2271}"
T7,postgres,14,73.76769999973476,"{""id"": 2099}"
T7,neo4j,14,111.41200002748519,"{""id"": 2099}"
T7,postgres,15,47.86090005654842,"{""id"": 370}"
T7,neo4j,15,70.19390002824366,"{""id"": 370}"
